Citra,energy_0,homogenity_0,entrophy_0,contrast_0,energy_45,homogenity_45,entrophy_45,contrast_45,energy_90,homogenity_90,entrophy_90,contrast_90,energy_135,homogenity_135,entrophy_135,contrast_135,Label,Warna_R,Warna_G,Warna_B
401.png,0.0029896018950233,11.476603310852118,6.494679759775661,10.476603310852324,0.0021102861736591,22.5486869654381,6.836035272502166,21.5486869654384,0.0029093738708131,14.241238503985205,6.524742810828662,13.241238503985244,0.0023033754524951,24.528670633093416,6.778639032336581,23.52867063309348,0,0.00630950927734375,0.9931755065917969,0.0
402.png,0.0023034548493703,6.354389944819111,6.602114461048302,5.354389944819121,0.0015119356218842,23.01288372311995,7.0646040743382175,22.01288372311972,0.0020200692029961,14.745072552626178,6.785486945115935,13.745072552626086,0.0016223645562698,15.60736265378096,6.97736731647871,14.607362653781024,0,0.00383758544921875,0.9954147338867188,0.0
403.png,0.0021250801820725,9.262720212548508,6.656178499381682,8.262720212548556,0.0015311240440204,18.87128761504807,6.999450472091279,17.871287615047866,0.002341338080665,7.567868383404812,6.546841272256491,6.567868383404861,0.0016828519408096,11.390105628109715,6.835311403984946,10.39010562810972,0,0.010906219482421875,0.9884452819824219,0.0
404.png,0.00316378793322,4.226832209278547,6.337473252937725,3.2268322092785726,0.0019554895020033,11.316998941876871,6.827814621375217,10.316998941877037,0.0026002750606282,7.020402615982014,6.494251537793068,6.020402615981963,0.0024122907414178,8.083870069852493,6.570943354113794,7.083870069852533,0,0.00475311279296875,0.9945602416992188,0.0
405.png,0.0019783780547285,7.612517882689536,6.700894011711231,6.612517882689503,0.0015465706721082,14.457405940634688,6.970231851310257,13.45740594063481,0.0022184462185226,6.595334150827701,6.588199041096821,5.595334150827669,0.0015173593010067,10.740952228914738,6.948741803953154,9.74095222891486,0,0.007373809814453125,0.992095947265625,0.0
406.png,0.0011957955134628,19.17581238504002,7.277501288707032,18.175812385039823,0.0008495034404746,38.14401935321449,7.610911242855118,37.14401935321464,0.0011899256181194,22.025056202738785,7.302680306918479,21.02505620273845,0.0008707186610882,38.96534800379017,7.609306673246984,37.96534800379045,0,0.002559661865234375,0.9956817626953125,0.0
407.png,0.0012336256339372,14.102740649907975,7.214420278477767,13.102740649907982,0.0008946121960731,20.924936707047387,7.533716814919228,19.92493670704753,0.0011327290131855,13.888908645002958,7.288799501108025,12.88890864500306,0.0008686284962949,31.08169651719949,7.57761059364531,30.08169651719941,0,0.001209259033203125,0.9984207153320312,0.0
408.png,0.0019910891233025,13.854608624565566,6.784938458455985,12.85460862456571,0.0014750876410437,24.59082359634977,7.092500912586788,23.590823596349733,0.0019094329169466,13.11243817698742,6.830084696643409,12.112438176987562,0.0013644162077148,24.3446922949402,7.151821873036294,23.34469229494009,0,0.0075225830078125,0.9918746948242188,0.0
409.png,0.0018518534195653,15.156204782342098,6.840268185659173,14.156204782342083,0.0013505200615391,22.49267398142879,7.127388998762876,21.49267398142871,0.0016682438017849,16.699444103821943,6.935748112415724,15.699444103821747,0.0012199690744512,34.86412635258606,7.260546974796247,33.86412635258655,0,0.009914398193359375,0.9890480041503906,0.0
410.png,0.0016381068852599,16.581857755978096,7.12098342299589,15.581857755977872,0.0011838060802402,33.8715393541972,7.442790819999438,32.871539354197274,0.0017545998281056,16.745178826895696,7.041083814463647,15.745178826895517,0.0012954795181807,27.835839468196312,7.354243310373662,26.835839468196152,0,0.010242462158203125,0.9887733459472656,0.0
411.png,0.0024589726920873,11.523580625383095,6.6424419100111605,10.52358062538324,0.0016538834791552,31.44646449761662,7.043750237803984,30.44646449761694,0.0022867611584412,17.22101573676684,6.748868622187045,16.22101573676677,0.0018539736541449,20.636552115120686,6.967742854771575,19.636552115120622,0,0.00551605224609375,0.994110107421875,0.0
412.png,0.0022359002038682,7.740075618230084,6.615812046140769,6.740075618230098,0.0015029262219077,16.80432295472194,7.026780538036977,15.804322954721938,0.0019839404749479,9.258708358879977,6.739115976018737,8.258708358880025,0.0016505431726606,13.979948874439543,6.930170788990479,12.979948874439474,0,0.03271484375,0.9650917053222656,0.0
413.png,0.0010510463694156,24.66176987533219,7.381834405583817,23.661769875331785,0.000724999715283,44.4199827671242,7.744505133779753,43.41998276712491,0.0009865148742668,21.65866952789709,7.409142241217666,20.65866952789684,0.0007767648013037,41.58037949165022,7.670788005629265,40.5803794916506,0,0.03191375732421875,0.9668693542480469,0.0
414.png,0.0020105130353639,5.651442877580201,6.775540394581226,4.651442877580211,0.0014051014373456,11.373073325678874,7.13218859701567,10.373073325678892,0.0017802959357222,7.196270181892507,6.857726312639841,6.196270181892465,0.0013976318021952,11.411380656200144,7.116109589771508,10.41138065620015,0,0.16547393798828125,0.8326911926269531,0.0
415.png,0.0012542140828652,17.145125689760892,7.261682377545403,16.145125689760885,0.000871960362325,36.97248675299446,7.6359326192527215,35.9724867529949,0.0011415505343891,19.07821786225225,7.341405820283549,18.07821786225228,0.0008629396651115,30.00906670268774,7.606457868286053,29.00906670268813,0,0.08056640625,0.9179496765136719,0.0
416.png,0.0012308490413424,26.8521929286734,7.22971798748138,25.85219292867341,0.0008576105464186,51.62296638770668,7.591193888495028,50.622966387707145,0.0011644662818862,21.89533006335566,7.279174961282062,20.8953300633559,0.0008756005147501,38.62285177476084,7.555014155444692,37.6228517747611,0,0.11154556274414062,0.8867568969726562,0.0
417.png,0.0013778466750278,15.413770692826562,7.074778394937963,14.413770692826398,0.0010031315203959,32.90933092646178,7.414092710915016,31.90933092646173,0.0012744659565091,17.990629470672566,7.15789030214762,16.99062947067222,0.0009550732936972,27.717393128544867,7.417970081842784,26.71739312854469,0,0.16573715209960938,0.8323898315429688,0.0
418.png,0.0029145367621651,9.473188228080868,6.484978052289919,8.47318822808098,0.0022182665837487,14.375224365074985,6.725836335439836,13.375224365075091,0.0029159302325436,8.996795422031406,6.44726366809077,7.9967954220314255,0.0021238383489153,18.19892100098038,6.803011293133451,17.19892100098038,0,0.053852081298828125,0.9445724487304688,0.0
419.png,0.0010725979137687,17.29218270999397,7.339160864216093,16.292182709993742,0.0007087691565401,49.11813320071015,7.767832377180396,48.11813320070985,0.0009583600996749,24.34846106683032,7.444272483588054,23.348461066829927,0.0007862731290748,27.21733889206156,7.62658676135216,26.21733889206136,0,0.09265518188476562,0.9061317443847656,0.0
420.png,0.0023920283834953,10.325608011444832,6.624206352946231,9.32560801144496,0.0017639374223435,21.03116653465738,6.963209203683422,20.031166534657338,0.0021800979631602,13.66243408951557,6.732477041741167,12.66243408951566,0.0016824739650806,22.456151338208628,6.987118081415809,21.456151338208667,0,0.14147567749023438,0.8567161560058594,0.0
421.png,0.001092135306848,20.59123646024936,7.323073720754064,19.591236460249224,0.0007692581914733,30.810612340130582,7.637581958175794,29.81061234013027,0.0009784706055177,18.4507847946047,7.389233627534435,17.45078479460423,0.0007359212302344,41.07264004781007,7.713631766971893,40.07264004780995,0,0.2870368957519531,0.7070579528808594,0.0
422.png,0.0031793709478488,7.30722051910888,6.3339977189114345,6.307220519108871,0.0023816412198861,13.692481186080386,6.661455791254619,12.692481186080569,0.0030258552333237,8.847122419783279,6.394738033677122,7.847122419783288,0.002262945196102,15.26278906510641,6.6817279925897575,14.26278906510655,0,0.20003890991210938,0.7963790893554688,0.0
423.png,0.0012780933560036,10.220735744941653,7.143483690504807,9.220735744941726,0.0008687853821198,27.54284579851486,7.563012644810417,26.542845798514573,0.0011512134081776,17.259971387696847,7.273488311396507,16.259971387696627,0.000911152842402,22.715352608775177,7.48127109178649,21.715352608774992,0,0.3528404235839844,0.6417198181152344,0.0
424.png,0.0012180117460726,13.027944001634888,7.192598890053414,12.027944001635014,0.0008828712418723,32.85059997830558,7.533183546465289,31.850599978305503,0.0010558325166534,22.17164316370333,7.376985919842287,21.171643163703123,0.0007854444953739,30.85221479284729,7.647878738669563,29.852214792847395,0,0.3012046813964844,0.6942596435546875,0.0
425.png,0.0015771097626547,14.96676680972815,7.030758783008044,13.966766809728194,0.0010056525572882,38.50843121483548,7.513388367093881,37.508431214836136,0.0013684200609578,20.23272838749251,7.188886468083147,19.23272838749233,0.0011207411579619,26.63078872126757,7.366462570487275,25.630788721267503,0,0.13902664184570312,0.8527107238769531,9.5367431640625e-05
426.png,0.0020941535556182,17.920956468424478,6.857435139243828,16.920956468424002,0.0014540602741726,47.74379708596528,7.24571383728945,46.74379708596623,0.0019422407850083,27.886619660739697,6.94745127024236,26.88661966073973,0.0014776552701378,38.00194842008056,7.205593250985478,37.00194842008114,0,0.11420440673828125,0.8795509338378906,0.0
427.png,0.0017367815623858,15.300784794604462,6.918442754927345,14.30078479460453,0.0011226987823297,37.22718741877286,7.375527118113096,36.227187418773376,0.0017335996580658,14.078890251379462,6.925713309657416,13.078890251379557,0.0014571929054469,17.21349526505276,7.067963077502525,16.21349526505281,0,0.1028594970703125,0.8921966552734375,3.0517578125e-05
428.png,0.00205986944441,10.901469446147534,6.86711876542798,9.901469446147544,0.001440542011572,26.853326129091112,7.291243928914587,25.853326129091112,0.0018301195721278,13.001641119967188,6.976955187735904,12.001641119967278,0.0014384770969623,17.002374125308776,7.159162674262818,16.002374125308968,0,0.07178115844726562,0.9244461059570312,0.0
429.png,0.0016960110371765,15.202528101369229,6.973777001654892,14.202528101369294,0.0010825050432504,37.33589575133872,7.457188088444616,36.33589575133964,0.0015569753296886,16.105450643776788,7.090607322171572,15.105450643776784,0.0013262144266347,20.788831787082163,7.214906973908437,19.78883178708225,0,0.13309860229492188,0.8612022399902344,0.0
430.png,0.0014081113845699,13.815511955855264,7.032191080991059,12.815511955855287,0.0008979946776629,32.267410422819545,7.479108042033441,31.267410422819395,0.0010491524238988,25.650071530758176,7.341409557142834,24.65007153075817,0.0008354939344625,40.31763135973884,7.558779125233663,39.31763135973959,0,0.047698974609375,0.94940185546875,0.0
431.png,0.0037398532457246,3.9727324749642143,6.150199550873937,2.972732474964233,0.0025416151111957,6.480877034635675,6.506676882862945,5.480877034635635,0.0031605073235125,5.295415900265665,6.306271147647794,4.295415900265678,0.0022633611895263,9.477680152107771,6.646093307761523,8.477680152107808,0,0.07514572143554688,0.9213371276855469,0.0
432.png,0.0026733241897765,3.7377375843040848,6.426386992771753,2.737737584304114,0.001850201195868,7.831551716021867,6.769581306522657,6.831551716021898,0.0024645576067681,7.437010014306116,6.528574917539454,6.437010014306089,0.0017640370763736,11.929646071129731,6.865954182907102,10.929646071129756,0,0.028263092041015625,0.9682693481445312,0.0
433.png,0.0029787535186363,5.980564071122018,6.472081074654946,4.980564071122022,0.0020076251872477,12.389743369334123,6.849447728651643,11.389743369334177,0.0026368431480485,7.501827099938679,6.575131342747116,6.5018270999386525,0.0019762141933986,11.7774339389401,6.866252961760877,10.777433938940112,0,0.058742523193359375,0.9350242614746094,0.0
434.png,0.0017698713724469,12.765855303494735,6.944763984429202,11.765855303494758,0.0012063866580371,22.072899973598204,7.299499802156726,21.072899973598243,0.0018064814957523,10.81829552421821,6.876791276110963,9.81829552421827,0.0012358896377622,22.0123618248838,7.278678345796077,21.01236182488385,0,0.028621673583984375,0.9667892456054688,0.0
435.png,0.0026958318729999,6.514469650521126,6.453833973118336,5.51446965052111,0.0017419868760028,10.326311243734692,6.821630052717387,9.326311243734766,0.0025726484307613,6.888600040874708,6.488372896760017,5.888600040874724,0.0018829336229745,13.662182435156751,6.830396819272424,12.66218243515683,0,0.04219818115234375,0.9505767822265625,0.0
436.png,0.0025488971093605,7.35289597384017,6.50125360800586,6.3528959738401145,0.0015892742157693,10.3310144678378,6.879892453310169,9.331014467837887,0.0022161100712827,9.037271612507666,6.638954446522591,8.03727161250763,0.0016491348193741,19.45938301395212,6.966638275374603,18.4593830139523,0,0.043102264404296875,0.9516448974609375,0.0
437.png,0.0026413147299481,7.090374003678705,6.54662251013217,6.0903740036787175,0.0018039200597508,9.34921541298526,6.863990652419609,8.349215412985256,0.0023151595795225,7.800220723482483,6.660500550486118,6.800220723482497,0.0016433978063332,17.546554345979665,7.020076525911959,16.546554345979715,0,0.0491485595703125,0.9415168762207031,0.0
438.png,0.0017083415210165,12.684277539341906,6.962576438248056,11.684277539341862,0.0011735649065211,21.562845757581563,7.327441825169899,20.562845757581524,0.0014607775577827,13.6784181483752,7.125118581133816,12.678418148375282,0.0010320329882195,27.65371131045599,7.458175320533746,26.653711310455915,0,0.00540924072265625,0.9934463500976562,0.0
439.png,0.0024254213769602,10.869415491518438,6.642482453797705,9.869415491518495,0.001696885006818,19.40076463208217,6.972554778511051,18.400764632082485,0.0026357847096057,11.736268138156476,6.558648038818414,10.73626813815654,0.0017782485482498,22.56597100701822,6.960012037599292,21.565971007018064,0,0.01299285888671875,0.9836463928222656,0.0
440.png,0.0018314871627026,12.315307582260262,6.867075349373288,11.315307582260443,0.001380501804098,22.93538695172557,7.156110811053819,21.93538695172569,0.0020128034585544,13.420621295728465,6.77217438788678,12.420621295728608,0.0013034484644024,25.06519839296316,7.184357955456002,24.065198392962817,0,0.00992584228515625,0.9877166748046875,0.0
441.png,0.0028965335661179,13.281146535867466,6.6211401437302575,12.281146535867412,0.0020105639475451,19.30156098739065,6.940075810530012,18.301560987390687,0.0026749364021368,11.680167586347782,6.668530305317219,10.680167586347812,0.0018364497209294,27.570223965976464,7.07293904377176,26.570223965976613,0,0.012847900390625,0.9823532104492188,0.0
442.png,0.0037602634222348,7.201959942775375,6.25661839160709,6.201959942775368,0.0027201622551049,9.571335302220014,6.538698490147988,8.571335302220048,0.0038846146258733,4.523312895973813,6.162533901227116,3.5233128959738327,0.0025696335807683,11.232095308851209,6.599993640628003,10.232095308851234,0,0.3112525939941406,0.6884346008300781,0.0
443.png,0.0027137542071911,6.407929695483338,6.473934643291113,5.4079296954833405,0.0019797185318384,11.32912540088948,6.79242831143096,10.329125400889636,0.002558696923482,8.07043122828521,6.564517901234049,7.070431228285288,0.0017404173580157,14.804421194389706,6.923470880127194,13.804421194389777,0,0.0475616455078125,0.9518814086914062,0.0
444.png,0.0049999721173935,3.3662620069487024,5.858395971900507,2.366262006948707,0.0034899000639306,6.110177834265614,6.221474858970157,5.110177834265614,0.0043224676104609,4.268888207643579,6.006094941601312,3.268888207643576,0.0030774915480745,6.621674945405355,6.317536763148346,5.6216749454053785,0,0.0547332763671875,0.9447517395019531,0.0
445.png,0.0030127213227571,4.92004904966276,6.348621285310402,3.920049049662804,0.0019700263171337,9.97057517278927,6.716856690338764,8.97057517278941,0.0026598722157545,7.111986511342709,6.457547084233423,6.111986511342688,0.0019945055847499,11.35705821314325,6.761157058692014,10.35705821314336,0,0.029018402099609375,0.9684524536132812,0.0
446.png,0.0021320091298568,8.626936439811951,6.749065052057703,7.626936439811893,0.0015501132104567,16.178951741809858,7.068103128555123,15.178951741809923,0.0021882931041477,13.322779480891072,6.756989089226472,12.32277948089103,0.0014684814130513,24.361460578263504,7.128575979168691,23.36146057826341,0,0.024494171142578125,0.9737510681152344,0.0
447.png,0.0025526463582051,10.980196198651017,6.650974917321072,9.980196198651026,0.001771253748918,15.531533910082144,6.968842977197599,14.531533910082189,0.0025893962579292,6.880314735336192,6.560644345394739,5.880314735336135,0.0018570471875068,16.950272308079782,6.909739748600718,15.950272308079796,0,0.07381057739257812,0.9247093200683594,0.0
448.png,0.0033300650996521,8.365426118945386,6.424857655175387,7.365426118945406,0.0021526840258968,23.011320075071623,6.899378284927659,22.011320075071733,0.0030371529914502,14.133447782546432,6.566701351081898,13.133447782546364,0.0022281310467613,18.78990833010993,6.827053029820278,17.789908330110073,0,0.01177978515625,0.9868049621582031,0.0
449.png,0.0031519973456912,6.237755977927645,6.458350684998226,5.237755977927622,0.002251800945042,9.309477467299525,6.73386035810464,8.309477467299555,0.0030271832022365,7.446975270795025,6.493892539148446,6.446975270794988,0.0021101695633014,15.273789861256915,6.870840251277356,14.273789861257102,0,0.08916473388671875,0.9089431762695312,0.0
450.png,0.0042671195047551,3.969016963008358,6.201756297266362,2.9690169630083902,0.0026738703725799,14.232518967419304,6.72375749451451,13.23251896741933,0.0032766563899287,11.955428162681278,6.560403157196831,10.955428162681365,0.0025789366963429,14.894314583883396,6.759145005862816,13.894314583883483,0,0.060413360595703125,0.9383735656738281,0.0
451.png,0.0047211701075403,4.074289801757594,6.150710424862577,3.0742898017576024,0.0030511211137528,17.143186362696817,6.662496601431964,16.143186362696852,0.0037601226579896,14.14509094624975,6.487110168589862,13.145090946249727,0.0028347642556699,16.56951582170324,6.721302332157739,15.569515821703332,0,0.22067642211914062,0.776947021484375,0.0
452.png,0.002948924641111,7.283866748416085,6.473410209512653,6.283866748416118,0.0021857427282692,9.152238738766416,6.700242435831694,8.15223873876639,0.0034449509530522,5.096241569589209,6.22739306860104,4.096241569589204,0.0023086350892006,12.75647818977043,6.702305232559572,11.75647818977047,0,0.06654739379882812,0.9284133911132812,0.0
453.png,0.0030100738430661,6.819740445534385,6.44046958471465,5.819740445534399,0.0021993174267896,10.392090888066134,6.738088011301357,9.392090888066203,0.0032292690033089,4.394890660126707,6.33498456435259,3.394890660126713,0.0022520857991995,9.385070845127249,6.681156046688769,8.385070845127256,0,0.3119316101074219,0.6871566772460938,3.814697265625e-06
454.png,0.0059972405325175,2.929897813202526,5.767419360382106,1.9298978132025264,0.0042186490879983,4.09870425971293,6.0642232869879455,3.098704259712916,0.0052678755137168,3.679797670140999,5.861722430182028,2.679797670141015,0.0038239629945044,6.546192087204085,6.203542053079292,5.546192087204109,0,0.106231689453125,0.8929672241210938,0.0
455.png,0.0061441710002598,4.174872266503139,5.767143284157722,3.174872266503169,0.0047135684662124,5.209428552131515,5.980930252940291,4.209428552131489,0.0062429351017977,3.318197424892692,5.698794126562774,2.318197424892709,0.0043126905484944,7.200519442244277,6.105645440537315,6.2005194422443095,0,0.18448638916015625,0.8149185180664062,0.0
456.png,0.0039178777713079,4.2167095851215946,6.164495609224937,3.216709585121622,0.0030183954746229,5.752016471517679,6.424060571970771,4.752016471517658,0.0039081729994705,3.7779419578990208,6.154669707315797,2.777941957899043,0.0027299682631885,7.655786623441219,6.494946972756606,6.65578662344126,0,0.15418624877929688,0.8447723388671875,0.0
457.png,0.0041947423900701,4.375863478438583,6.0151624784477375,3.375863478438575,0.0031150651177391,5.961897335453698,6.299991728490447,4.961897335453685,0.0044668715247769,2.9854567749846725,5.933252565947167,1.9854567749846683,0.0029771432279913,6.229391671322833,6.337167727948161,5.229391671322849,0,0.2339324951171875,0.7647666931152344,0.0
458.png,0.0041307433459855,4.550856325362748,6.105862662200978,3.5508563253627483,0.0027545844003716,10.149254708852444,6.508573216595615,9.149254708852558,0.0037249540159412,7.078914776210887,6.232480037694962,6.078914776210859,0.0027885262078097,10.496912613768709,6.501305664097661,9.496912613768792,0,0.11629486083984375,0.8809242248535156,1.9073486328125e-05
459.png,0.0027568817513928,7.534087471898592,6.55252160860017,6.5340874718986,0.0018853039169408,11.044913948190828,6.900703426288387,10.044913948190947,0.0029141034362624,3.933809523809508,6.432938027728552,2.9338095238095208,0.0021590108179654,9.271988800677848,6.740582151282417,8.271988800677907,0,0.014453887939453125,0.9846572875976562,0.0
460.png,0.0022179626345925,5.909176374412395,6.662949695338249,4.909176374412398,0.0014254698447963,13.608572229692482,7.111444599632345,12.608572229692603,0.0022675069625068,5.119360310647868,6.598664374821214,4.119360310647862,0.0018626106725564,5.786924300195921,6.757169219786217,4.786924300195892,0,0.02013397216796875,0.9788627624511719,0.0
461.png,0.0025136268506556,7.678193337420763,6.729868453939155,6.678193337420774,0.0015505713538431,17.230963506010077,7.19673309308786,16.230963506010106,0.0024013478820769,6.719121193541787,6.684636790583273,5.719121193541775,0.0020241115088202,8.850194739675127,6.861614180083128,7.850194739675188,0,0.087127685546875,0.9118690490722656,1.9073486328125e-05
462.png,0.001922339852947,6.79146740241156,6.755651768754217,5.79146740241163,0.0013959749976577,11.79301925292826,7.088517424631943,10.793019252928358,0.0016953557489356,9.078023707336929,6.8859310264937,8.07802370733703,0.0012597167339346,16.686689138990687,7.198006231407223,15.686689138990957,0,0.2032012939453125,0.7945556640625,0.0
463.png,0.0015064598053359,7.486564479869166,7.005564272728014,6.486564479869157,0.0010467444853601,15.789597237828175,7.383666421679384,14.789597237828245,0.0013880228030475,11.929797670141037,7.117302337451908,10.929797670141031,0.0010667908775709,19.85799046665892,7.377189590215793,18.85799046665912,0,0.15936279296875,0.8384819030761719,0.0
464.png,0.0010881287928729,12.818518291436572,7.362399239195482,11.818518291436732,0.0007515647452468,35.83919599018437,7.751025526979194,34.839195990184685,0.0009981609717941,22.44103821786229,7.481666164186983,21.441038217862115,0.0007539274407005,30.36303241295092,7.744177414105802,29.36303241295059,0,0.1141815185546875,0.8844757080078125,0.0
465.png,0.0012190237524888,14.328781933374133,7.194829805164853,13.328781933374216,0.0008112802943379,26.740082398521505,7.570080815797467,25.740082398521626,0.0011482897630799,17.194913141222184,7.258711828017826,16.194913141222077,0.0009077798086869,30.609706079193742,7.50779176551879,29.60970607919352,0,0.07106399536132812,0.9279670715332031,0.0
466.png,0.0012932140698752,16.9381953811568,7.241598711892518,15.938195381156657,0.0008413681375148,41.59336554775757,7.65538619327568,40.59336554775773,0.0011931478687861,24.73745759247904,7.328657659515666,23.737457592479107,0.0009774682943732,36.29058270449712,7.551938050870348,35.29058270449692,0,0.10801315307617188,0.8910026550292969,0.0
467.png,0.001446883120984,13.264982628244326,7.004021939353472,12.26498262824441,0.0009698131679726,21.8691631822286,7.365692453685442,20.869163182228384,0.0012197069191593,12.4429041487839,7.167143600528776,11.442904148783972,0.0009290635143498,25.468218444088485,7.442988486083581,24.468218444088464,0,0.19619369506835938,0.7999038696289062,0.0
468.png,0.0016207405784002,10.42581238503974,6.88538243680585,9.425812385039851,0.00104105840204,20.594161698400114,7.295801978815467,19.594161698400075,0.0014915968369332,12.55003678724696,6.972961967957537,11.550036787247103,0.0012153406399762,20.84433924613352,7.191563279318341,19.844339246133483,0,0.00528717041015625,0.9937400817871094,0.0
469.png,0.0014588908987923,10.160196198650988,7.099056288172598,9.16019619865117,0.0010962775334796,21.28369569444209,7.39399553961336,20.283695694442173,0.0014429031968783,14.04848150418963,7.128118484056868,13.048481504189596,0.0010331300077473,23.536126614558963,7.456502097011303,22.536126614558874,0,0.01808929443359375,0.9812660217285156,0.0
470.png,0.0027088533404976,8.534079296954719,6.502465615401062,7.534079296954742,0.0021730391610836,9.562583785133423,6.6952241429576365,8.562583785133546,0.0028798409904097,7.8363151440834,6.4458694587151255,6.836315144083335,0.0019524021790588,19.382927992370025,6.84711277672681,18.38292799237017,0,0.042560577392578125,0.954345703125,0.0
471.png,0.002429914540678,14.242209278561187,6.700281154289238,13.242209278561145,0.0016921111324582,21.443148908823417,7.033110753784428,20.44314890882349,0.0024105388232767,7.6120416922133725,6.622684804737397,6.612041692213381,0.0018074594292598,18.79879288008013,6.934569908762791,17.798792880080285,0,0.021724700927734375,0.9727134704589844,0.0
472.png,0.0022505633013273,7.239625996321245,6.783757902033453,6.23962599632127,0.0015786635800901,15.080450101412035,7.176292254569043,14.080450101412078,0.0019190987040926,10.47879419578974,6.971816831188557,9.478794195789929,0.0015040480894928,17.29323312887202,7.217973924682719,16.293233128872167,0,0.03118133544921875,0.9648246765136719,0.0
473.png,0.0009713351957103,20.41549151849581,7.474330787069018,19.415491518495656,0.0006723976242125,42.25847470635524,7.83618734237548,41.2584747063554,0.0008800112056711,23.48349274473771,7.538368136711164,22.48349274473715,0.0006602993493351,40.050452209471615,7.821384887535301,39.05045220947186,0,0.015285491943359375,0.982421875,0.0
474.png,0.0011885413368255,17.825867565910585,7.256371195976676,16.825867565910404,0.0008210309158002,33.97170288231065,7.600320248903444,32.97170288231118,0.001042340651562,22.593135090946102,7.369691246677402,21.59313509094624,0.000790653164659,41.86773870704263,7.672349173588016,40.867738707043465,0,0.033077239990234375,0.9659805297851562,0.0
475.png,0.0011335955334198,13.558109544246802,7.309089851519042,12.558109544246784,0.0007436727454829,36.9010092079222,7.746106506607948,35.901009207922435,0.0010674342559633,17.07769262211336,7.368738937952124,16.07769262211308,0.0008439280193935,20.18428329045594,7.568441700000305,19.18428329045604,0,0.017093658447265625,0.9826202392578125,0.0
476.png,0.0014172012186898,10.665313713468088,7.122726143276475,9.665313713468263,0.0009630661245485,22.829470263057527,7.5008777825242365,21.82947026305742,0.0012125937511134,17.38491518495819,7.290829459549627,16.38491518495793,0.0009411155530748,29.36506269942178,7.544940625391617,28.36506269942159,0,0.034137725830078125,0.9656715393066406,0.0
477.png,0.0015825369759365,12.921124054771951,7.037245999863374,11.92112405477206,0.0011849838664262,21.814224694587185,7.303097282474716,20.81422469458725,0.0016024105725597,12.818937257306285,6.991036038223254,11.818937257306454,0.0011533529534471,25.756856821824176,7.351013701086588,24.75685682182394,0,0.030101776123046875,0.9688796997070312,0.0
478.png,0.0021424184183673,5.550269773145305,6.583387779376821,4.550269773145335,0.0014774611771536,11.69829983974662,6.960510862208401,10.698299839746714,0.0018436837093694,11.995871653382284,6.787411300587189,10.995871653382384,0.0014283035872845,19.9271777994724,7.044152381375016,18.927177799472545,0,0.02872467041015625,0.9698524475097656,0.0
479.png,0.0025899198749417,16.809593296546115,6.632474066081072,15.809593296545938,0.0018980663558426,18.789386431873915,6.8929491569430175,17.789386431873968,0.0026021208804029,10.935552830574215,6.596638105697591,9.93555283057431,0.0019021340251249,32.40110642426062,6.95953042473377,31.401106424260327,0,0.0318603515625,0.9665641784667969,0.0
480.png,0.0013932590420906,14.5750357653791,7.089455941652501,13.575035765379068,0.0011946995803893,17.702522098808725,7.234180237727968,16.70252209880884,0.0016104154556393,9.109695483343453,6.924579503695258,8.109695483343499,0.0010275565030495,25.95151667720728,7.408757595252887,24.95151667720691,0,0.019161224365234375,0.9804267883300781,0.0
481.png,0.0017675710856097,10.935317800939986,6.856469067833823,9.935317800940116,0.0015272238247572,10.982824431386744,6.976475125042766,9.982824431386875,0.0018439817761239,7.572814224402171,6.800347042844913,6.572814224402199,0.0011918855253369,22.408640178796347,7.266426027226108,21.40864017879636,0,0.028972625732421875,0.9707603454589844,0.0
482.png,0.0014561976846096,12.50880237073359,7.094403747824861,11.50880237073373,0.0011943364728633,14.699368196135564,7.268728717205112,13.69936819613566,0.0014918839561465,11.576905783772652,7.050663963913465,10.576905783772846,0.000994199404077,29.612571402842416,7.489932669363538,28.612571402842203,0,0.02729034423828125,0.9719429016113281,0.0
483.png,0.0022941749599199,17.426394849785435,6.793931872409176,16.42639484978539,0.0019415861803857,18.34890841402287,6.898689316889264,17.348908414023033,0.0022683086871642,12.668532597588396,6.748680191523905,11.66853259758834,0.0015001572364224,36.98844251239743,7.204812913718051,35.98844251239767,0,0.058330535888671875,0.9390830993652344,0.0
484.png,0.0016061478526216,7.158508072756969,6.90047679096616,6.158508072757016,0.0012167925255344,11.69679554483112,7.182061365565406,10.696795544831112,0.0014950875613251,9.957355405681474,7.018121542597947,8.957355405681607,0.0010439096077027,19.174095018225493,7.369279948285412,18.1740950182256,0,0.04051971435546875,0.9586181640625,0.0
485.png,0.0041599335842206,7.465342325771564,6.2924460918348375,6.465342325771435,0.0030798596533841,12.32883068188577,6.596105579965505,11.328830681885728,0.004085682833984,6.976474555487409,6.316670682051174,5.976474555487359,0.0030019448899351,13.804574693871112,6.636745786417746,12.80457469387091,0,0.041088104248046875,0.9578819274902344,0.0
486.png,0.0012120649485334,8.530723482526037,7.175142750386333,7.530723482526048,0.0008771405099611,20.91624863641308,7.530662042011558,19.91624863641311,0.0011680838093801,16.38417126507267,7.320926816629671,15.38417126507241,0.0007992164997004,25.78242778872766,7.669328690331598,24.782427788727635,0,0.0379180908203125,0.9607810974121094,0.0
487.png,0.0012849484694932,16.593196403024795,7.244082296667785,15.593196403024706,0.0009206172085478,26.602894795549023,7.548084743740339,25.60289479554904,0.0013327419050534,15.367236868996498,7.191627860106537,14.367236868996516,0.0009413659688806,33.43831265183654,7.568455834220573,32.43831265183689,0,0.07236099243164062,0.9247817993164062,0.0
488.png,0.0012302783762169,13.181749437972488,7.226934196822604,12.181749437972604,0.0008032482854894,25.729695600295805,7.616874853966038,24.729695600295543,0.0011279936001367,16.36155119558546,7.295803932361552,15.36155119558546,0.0008566770959718,29.59716414825233,7.584439296034088,28.597164148252,0,0.016254425048828125,0.9829978942871094,0.0
489.png,0.002207947666409,6.294612712037591,6.60778950995018,5.294612712037589,0.0012697954653642,14.042228730600154,7.110974696859605,13.042228730600309,0.001646073090647,10.16320662170439,6.857323458135647,9.163206621704417,0.0013698977176328,15.98459274540982,7.072596929744822,14.984592745409946,0,0.019786834716796875,0.9781303405761719,0.0
490.png,0.0028673547536743,5.590508890251368,6.439001854889666,4.590508890251366,0.0019924527737245,8.810368787620128,6.763106091119153,7.810368787620206,0.0026122645458928,6.102548538728807,6.512685987050848,5.102548538728781,0.0019476034587361,11.762413503042415,6.828762340965621,10.762413503042474,0,0.029766082763671875,0.9645004272460938,0.0
491.png,0.0027313686778107,5.7750786838340105,6.4945424532783145,4.775078683834053,0.0021023124459039,7.291442301591688,6.737440735808664,6.291442301591726,0.0023290342430821,10.587332924586066,6.727928192990054,9.587332924586146,0.0015831628189093,22.20929551924794,7.10120147045101,21.20929551924798,0,4.9591064453125e-05,0.9999351501464844,0.0
492.png,0.0017990894452545,7.897549560596756,6.836803447614504,6.897549560596781,0.0013034795014355,12.699257676509074,7.12803922684083,11.699257676509156,0.0018590664311921,6.57217657878603,6.7791185484088725,5.572176578786027,0.0013099398937,13.399198937374294,7.142832772386481,12.399198937374246,0,0.040508270263671875,0.9536056518554688,6.103515625e-05
493.png,0.0017173886613964,16.507159207030483,6.945060746359285,15.507159207030456,0.0012675143303493,19.14596777329557,7.196047991451247,18.145967773295524,0.001712205105046,9.736760678520264,6.89649932342423,8.736760678520364,0.001160225814247,29.860131272756416,7.323904549306357,28.86013127275642,0,0.0019378662109375,0.9976272583007812,0.000179290771484375
494.png,0.0027302676542261,12.552088698140206,6.468466247930726,11.55208869814018,0.0023381334947385,11.903299420181394,6.573476686311511,10.903299420181472,0.0029447874374688,5.277580216635974,6.340336135544424,4.277580216636006,0.0018390931236127,20.628211976643765,6.8593293596307685,19.62821197664372,0,0.004486083984375,0.9951400756835938,0.0
495.png,0.0020163307972714,14.30443490700996,6.815145045716706,13.30443490701001,0.001719813495116,18.635891044021736,6.938319218731919,17.635891044021772,0.0022024637836248,8.128250562027352,6.68880024549708,7.128250562027348,0.0013562086476768,22.97555469595862,7.207992028845255,21.975554695958525,0,0.030796051025390625,0.9686393737792969,0.0
496.png,0.0041670656337468,8.925749029225363,6.23306492350738,7.925749029225394,0.0030210506772013,12.730368951353002,6.509020313506466,11.730368951353023,0.0044642066067096,4.7230819538115645,6.1072872454557,3.723081953811562,0.0031445484309724,11.646750620649684,6.494041824968586,10.646750620649662,0,0.0452423095703125,0.949249267578125,0.00023651123046875
497.png,0.0022156143723799,12.564804823216765,6.7785244965584095,11.564804823216797,0.0017359837349068,17.47981481822591,7.018247079702378,16.479814818226018,0.0027155480606041,6.982724300020427,6.540578795955962,5.982724300020454,0.0018094630531119,18.62254477579873,6.965318476826343,17.62254477579882,0,0.008358001708984375,0.9895820617675781,0.0
498.png,0.0047167495229718,5.113086041283435,6.216164724182689,4.113086041283469,0.0033380389250892,12.261786201829327,6.625471511037686,11.261786201829398,0.0044504285120756,5.328456979358296,6.2355363269716975,4.328456979358236,0.0036388281036595,5.996432672057572,6.4057936299051885,4.996432672057556,0,0.033306121826171875,0.9622344970703125,3.814697265625e-06
499.png,0.001630895945354,20.895916615573228,7.207294948027617,19.89591661557308,0.0011608060867564,39.60174252611045,7.526968306353069,38.601742526110456,0.0015909179348334,22.098902513795075,7.224805238169724,21.098902513795,0.001151140234366,41.12966817505461,7.544092368775395,40.129668175055045,0,0.003162384033203125,0.9964714050292969,0.0
500.png,0.001622164120058,7.215511955855225,6.903482637578948,6.215511955855317,0.001159871247717,18.56369716803695,7.272874601653164,17.563697168037162,0.0014210278291844,15.0134293889229,7.09466854502672,14.013429388922944,0.0010668409758118,22.49911891297818,7.373006195628385,21.49911891297821,0,0.08944320678710938,0.9095916748046875,0.0
401.png,0.0020262410245095,13.360247292049776,6.796022317910089,12.360247292049902,0.0015255396337398,25.56948307514736,7.105199991880841,24.569483075147275,0.0020251598180211,11.69800735744929,6.791866337200463,10.6980073574494,0.0014822144006499,20.47014639757189,7.085629834778756,19.47014639757199,1,7.62939453125e-06,0.9989509582519531,0.00038909912109375
402.png,0.0013795226721657,12.478645003065498,7.102558673991047,11.478645003065507,0.0009744193200403,20.641019973352574,7.425268043171513,19.641019973352588,0.0013207028968881,8.835900265685622,7.0508586841467125,7.835900265685654,0.0010066627154303,18.78509049306101,7.382811153114478,17.78509049306083,1,0.0169525146484375,0.8477439880371094,0.11733627319335938
403.png,0.0007180677827812,43.26130390353608,7.801904179253162,42.26130390353518,0.0005305710666789,96.72975290676727,8.136206779288983,95.72975290676928,0.000694689905778,64.99807275700012,7.893729515366482,63.99807275699954,0.0005455515695912,98.84198968074077,8.115069377683751,97.84198968074294,1,0.0,0.9990577697753906,0.00067901611328125
404.png,0.0027435510419608,11.097226650316712,6.542071737861489,10.097226650316763,0.0019730672594117,25.507976856371656,6.899883965801749,24.507976856371467,0.0024514298925684,16.5613631718783,6.7019633219860015,15.561363171878206,0.0018746994471989,24.547722988696464,6.9658013950539885,23.54772298869652,1,0.001171112060546875,0.9986724853515625,7.62939453125e-06
405.png,0.0020481079194497,12.80715511955844,6.753917790823669,11.807155119558615,0.0015568593428134,26.907255613476384,7.052049443545124,25.90725561347609,0.0020619734774617,16.626067852033625,6.790085578171791,15.626067852033506,0.0014989055888416,26.45428069119821,7.09605108507382,25.45428069119796,1,0.002227783203125,0.9954299926757812,0.001728057861328125
406.png,0.002656826479049,9.516123032904122,6.512671868374745,8.516123032904094,0.0021434150219464,15.513398458046606,6.745196552113638,14.513398458046744,0.0028767188381121,8.309769057837688,6.472199408530103,7.309769057837713,0.0019920324239316,16.332467596259463,6.832406256697964,15.332467596259658,1,4.1961669921875e-05,0.9995269775390625,0.00030517578125
407.png,0.0057778352179102,3.353139178418144,5.711637151049294,2.35313917841814,0.0046436989880643,6.044119844208262,5.962826720586934,5.044119844208272,0.005856817697208,4.3722951154710605,5.753516420830874,3.3722951154710605,0.0043823518759912,6.686447633140363,6.050690619097347,5.686447633140394,1,0.001415252685546875,0.9878273010253906,0.00576019287109375
408.png,0.0009785229436196,35.16869814020077,7.435783034057084,34.168698140199794,0.0007897821338557,57.02878422270849,7.660498938381727,56.02878422270909,0.0010900929555266,26.60176374412426,7.317839875724999,25.601763744124103,0.0007424252678686,55.20196643068606,7.686910783680824,54.20196643068733,1,0.0058135986328125,0.9825248718261719,0.006298065185546875
409.png,0.0025148702925207,7.825677498467183,6.622065198221472,6.8256774984672015,0.0019201720328942,14.684576986129928,6.914940766881171,13.684576986129874,0.002466257973776,9.352754956059488,6.669508647825343,8.352754956059632,0.0018410461800765,15.7955919042328,6.968026715422512,14.795591904232824,1,0.003292083740234375,0.9965057373046875,6.4849853515625e-05
410.png,0.0028295856884018,5.666390762313514,6.567908800351264,4.66639076231349,0.0022433472438852,9.278599511666986,6.819685753454452,8.278599511667055,0.0029570555378666,5.486082158185171,6.538883937934776,4.486082158185172,0.0021503006460691,10.032236937705829,6.8769157407296015,9.032236937705903,1,0.10869979858398438,0.8758354187011719,0.005779266357421875
411.png,0.00147545981866,23.32318209687297,7.195629690235302,22.323182096873072,0.0011121379726183,42.53511351798208,7.468218765240971,41.53511351798307,0.0016580256712949,17.445975883915896,7.028107534648226,16.445975883915718,0.0012288985832321,32.07692370666484,7.351151967911947,31.076923706664644,1,0.000507354736328125,0.9985313415527344,0.000469207763671875
412.png,0.0009178808016174,45.95474351113901,7.499377442921929,44.95474351113794,0.0007536294483211,75.65971825681885,7.712572371322087,74.65971825682084,0.0010229865681897,38.2817290006132,7.402285181900496,37.28172900061262,0.0006915044942876,79.57680602372845,7.772636697044682,78.57680602373065,1,0.00019073486328125,0.9978866577148438,0.00125885009765625
413.png,0.0010751290972404,39.31011240547715,7.374426601225035,38.31011240547685,0.0007617822249274,75.57098737006191,7.703997974926999,74.5709873700639,0.0010338670896652,37.98971183323108,7.404417365520799,36.9897118332309,0.0008150445425352,65.69167889545837,7.654554829593906,64.69167889545874,1,0.04076385498046875,0.9542045593261719,0.002105712890625
414.png,0.0009225544180723,32.407341099529646,7.58679995288298,31.40734109952997,0.0006868187819408,54.279948260441145,7.864355965985615,53.279948260441074,0.0009288504906282,27.018103413039007,7.5459314624413025,26.018103413038983,0.0006863972906956,55.437923786484006,7.87639409665843,54.43792378648428,1,0.00333404541015625,0.9886131286621094,0.000823974609375
415.png,0.003186513733985,6.7191804618842825,6.403721218864195,5.719180461884308,0.0023834803698731,12.027136661611454,6.711095282027499,11.027136661611474,0.0032760527902885,6.507063151440832,6.386997365097331,5.507063151440824,0.0025086361031446,10.988675831609063,6.659907453990214,9.988675831609031,1,0.00432586669921875,0.9774894714355469,0.009548187255859375
416.png,0.0028661100859017,7.37567136725934,6.503223406757416,6.375671367259303,0.0021473024674149,13.731390234567735,6.817698910491019,12.731390234567789,0.0027216743710876,8.85426118945425,6.579503736767979,7.854261189454286,0.0020870889811842,14.860217232465727,6.858738155629101,13.860217232465796,1,1.1444091796875e-05,0.9856643676757812,0.0103759765625
417.png,0.0006892584613405,42.01400572246094,7.789541257287505,41.014005722460425,0.0005194948084821,71.06215500991571,8.071087602827342,70.06215500991624,0.0006835297124247,37.4054199877376,7.788904449313394,36.40541998773757,0.0005204778712671,70.75992476478726,8.0748358167424,69.75992476478804,1,5.7220458984375e-05,0.9927940368652344,0.005657196044921875
418.png,0.0011158080490449,38.83786838340448,7.349581849676245,37.83786838340461,0.0008170068332441,62.38663858649358,7.639782553148047,61.38663858649444,0.0010552734339513,38.42229102799945,7.397366730774598,37.42229102799879,0.0008195048504972,74.36325754552203,7.662102501687005,73.36325754552364,1,0.000110626220703125,0.9998397827148438,1.1444091796875e-05
419.png,0.0009571549512313,39.37077457592469,7.477357984191538,38.37077457592451,0.0007002549353678,68.52995798207505,7.774474044735604,67.52995798207581,0.0009305028530228,36.66431023911718,7.489255109183572,35.664310239116745,0.0007168150617861,67.20616003651168,7.765356869443964,66.2061600365131,1,0.001415252685546875,0.9975395202636719,0.00055694580078125
420.png,0.000999680389019,39.56654812998152,7.595708749121038,38.56654812998157,0.0007161502547784,68.77359849856983,7.911632478926852,67.77359849857112,0.0009488675205081,34.62348048232168,7.608253444005341,33.62348048232147,0.0007488939100065,66.18062181616433,7.876712198740998,65.18062181616496,1,0.00083160400390625,0.99859619140625,3.4332275390625e-05
421.png,0.0008567011879691,31.51244226445933,7.733193415716768,30.512442264459324,0.0005779167045443,86.07411773614785,8.17877659873359,85.07411773614922,0.0007246130111006,58.02473533619516,7.9535922158154975,57.024735336194496,0.0005786111013491,80.7350066823433,8.151184289967938,79.7350066823443,1,0.040798187255859375,0.9482040405273438,0.000743865966796875
422.png,0.0008731589554167,57.38435928878034,7.902124523492131,56.38435928878015,0.0006667347741611,78.66580297625136,8.131273029537422,77.66580297625349,0.0008806165219992,40.392773349683445,7.8277581868884925,39.39277334968301,0.0006582798184538,101.2136712777904,8.183278974978098,100.2136712777925,1,5.340576171875e-05,0.99981689453125,0.0
423.png,0.0006841755108474,60.10943184140642,7.96284844618057,59.10943184140591,0.0005253056933899,92.78559601801769,8.21758517825349,91.78559601801994,0.0006977935650428,48.38385652973691,7.919539662531055,47.38385652973622,0.0005053566618323,106.58124522872312,8.273357332268105,105.58124522872475,1,0.00353240966796875,0.9953536987304688,0.00029754638671875
424.png,0.0007457153052851,41.150421009605736,7.910643545028255,40.150421009605786,0.000550766134635,100.6697755428241,8.288912408838119,99.66977554282512,0.0007148054906787,61.73160024524888,8.008310066053745,60.73160024524807,0.0005518025357102,91.32285852873645,8.248740278192491,90.322858528739,1,7.62939453125e-05,0.9996604919433594,0.000141143798828125
425.png,0.0015997330591811,27.39806866952776,7.300806939177248,26.398068669527667,0.0011347001091522,63.76528292000952,7.701883782424499,62.76528292001016,0.0015102744449594,36.54303494788518,7.419432802790018,35.54303494788408,0.0011536506253821,57.10056876674392,7.653196993888692,56.10056876674417,1,0.0148162841796875,0.9800338745117188,0.002231597900390625
426.png,0.0020929573790626,11.808822808093083,6.850978421776936,10.808822808093195,0.0015784323469677,21.127951027525715,7.116619375476977,20.12795102752564,0.0021433587791616,9.92273451870003,6.785456705740598,8.922734518700242,0.001545835700336,18.9440709290404,7.143794009134556,17.944070929040297,1,0.009838104248046875,0.9849853515625,0.000774383544921875
427.png,0.0018862089487566,15.58164929491106,6.957724095554977,14.581649294911063,0.0014237308368367,25.25966586232945,7.208609245517153,24.25966586232955,0.0020275329262652,10.453476394849703,6.81595655623642,9.453476394849789,0.0014491812207343,22.85656189815425,7.202911564515108,21.85656189815428,1,0.0558624267578125,0.9381599426269531,0.0030059814453125
428.png,0.00345971553142,9.885090946249658,6.550381012601724,8.885090946249727,0.0025551193286959,20.524532287080845,6.88374787543094,19.52453228708103,0.0033983347332068,8.661655426118946,6.507299323190051,7.661655426118942,0.0026631135178961,13.294125472522676,6.764908648818489,12.2941254725226,1,0.0,0.7416496276855469,0.18954086303710938
429.png,0.0028094807127171,9.663280196198576,6.669779742569366,8.663280196198645,0.002194301076525,15.307383734376325,6.8996652512087815,14.307383734376396,0.002856993659824,8.522483139178393,6.620114630455602,7.5224831391783935,0.0020711175677398,17.810456793989342,7.002235325771987,16.81045679398951,1,0.007732391357421875,0.9304122924804688,0.047519683837890625
430.png,0.000609471321055,64.30466584917247,8.020567009846747,63.30466584917234,0.0004565121838743,114.0345189633237,8.319998442207716,113.03451896332604,0.0006243618212081,60.92426118945457,8.009527684567406,59.924261189454,0.0004611678791647,113.55231364651192,8.309389422649838,112.55231364651311,1,0.000530242919921875,0.998779296875,0.00040435791015625
431.png,0.0006902745067769,33.41822603719584,7.806397845269166,32.41822603719579,0.0005194353964086,65.26871823839876,8.113168721022799,64.26871823839888,0.000684693921408,36.42182096873093,7.83049418261458,35.42182096873073,0.0004969608563975,65.34677988788367,8.14902019020898,64.34677988788387,1,0.0027008056640625,0.9960975646972656,0.00057220458984375
432.png,0.0007472246562855,51.55456979358302,7.856208300190176,50.55456979358227,0.0005707218117494,98.87125077517165,8.13055025810706,97.87125077517304,0.0007281115295069,63.878348661353385,7.892045515882637,62.8783486613525,0.0005411576103821,106.91007181728976,8.196107713098648,105.91007181729104,1,0.001239776611328125,0.9922943115234375,0.00446319580078125
433.png,0.0004659534245399,81.77933987328741,8.240090338070049,80.77933987328781,0.0003262583011368,155.55150930923008,8.576964307918056,154.55150930923207,0.0004353017960608,83.47814428775673,8.269517825268748,82.47814428775726,0.0003451978363852,144.36526531873477,8.525390834105817,143.3652653187378,1,0.000301361083984375,0.9982223510742188,0.0012054443359375
434.png,0.0016887479972494,25.568430410790903,7.365753952009101,24.56843041079096,0.0012361923907311,58.78360666474212,7.710932933486855,57.78360666474232,0.0016019301484216,33.39204169221365,7.42643003745266,32.39204169221311,0.0012685159579674,49.69431089989519,7.676195835189505,48.69431089989573,1,0.0,0.9952316284179688,0.00411224365234375
435.png,0.0010352026374845,49.61083384426796,7.7707044722158685,48.61083384426685,0.0008139353649685,82.09463345347108,8.012773544736934,81.09463345347311,0.0010267225262765,52.96733496832266,7.779852598595217,51.96733496832187,0.0007532288990621,104.9190443736293,8.108064376726633,103.91904437363078,1,4.9591064453125e-05,0.9780311584472656,0.016811370849609375
436.png,0.0005104662378622,59.37762109135565,8.088832707708107,58.37762109135495,0.0003875617759674,103.21289354708487,8.371922817348809,102.21289354708746,0.0005224808448311,61.81433476394886,8.104936746656117,60.81433476394806,0.0003836113914423,115.4135255556147,8.399537899075952,114.41352555561906,1,1.9073486328125e-05,0.9939079284667969,0.00252532958984375
437.png,0.0008816381080361,60.59617208256762,7.958142347049844,59.59617208256669,0.0006401089309649,134.9987576775297,8.30168574060452,133.99875767753292,0.0008685632623991,72.15389536071896,7.976057143162116,71.15389536071905,0.000682059566343,110.53226047429096,8.239440050826673,109.532260474293,1,0.0,0.9952545166015625,0.002704620361328125
438.png,0.0010216797842937,32.2486368281218,7.459668779501859,31.24863682812168,0.0007492550425057,76.22868966702798,7.808724201564424,75.22868966703008,0.0009695144412522,53.55610668301655,7.58005093719082,52.55610668301656,0.0007367437838686,76.78591939025793,7.820019268667892,75.78591939026026,1,7.62939453125e-06,0.9935188293457031,0.004486083984375
439.png,0.0010546495389648,36.76549151849607,7.455750159870745,35.76549151849564,0.0007436128768284,93.54792560801012,7.836293923436068,92.54792560801305,0.0009578080320035,49.72938892295135,7.573982896193363,48.72938892295068,0.0007608188412005,57.96207539485116,7.745751977535636,56.96207539485167,1,0.0,0.9994087219238281,0.0003509521484375
440.png,0.0009871380215959,37.0897036582874,7.564018487508871,36.08970365828703,0.0007128756603367,93.28854832470554,7.932254730015703,92.28854832470836,0.0008898355546485,67.45577355405685,7.74010035152132,66.45577355405628,0.0006813302599446,94.01370852699702,7.974297370115967,93.01370852699928,1,0.006488800048828125,0.9902610778808594,0.0
441.png,0.0009361666392875,64.78432863274074,7.800667232708004,63.78432863274022,0.000655962822984,127.38856858663532,8.149679870706334,126.38856858663895,0.0008952757140974,48.8981585939099,7.779886350830563,47.89815859390961,0.0006951851211485,80.7705019023686,8.020465008198023,79.77050190237178,1,0.000286102294921875,0.9857673645019531,0.01007843017578125
442.png,0.0013655503202835,12.484461475577245,7.093577625136128,11.484461475577351,0.0009971972266818,24.68268382586212,7.4271358960445,23.68268382586227,0.0014788074251479,10.006607398324064,6.979918626055168,9.006607398324089,0.0011346387723176,14.534673486137054,7.237743427088688,13.534673486137152,1,0.0,0.9959754943847656,0.0027008056640625
443.png,0.0013441946391799,21.18636419374624,7.458756349131543,20.186364193746112,0.0010887449990662,29.38479659272124,7.611509805403418,28.38479659272085,0.0011825429864332,28.511211935418167,7.577254634177296,27.51121193541778,0.0008366590662349,62.46478005570975,7.983192073118354,61.46478005570981,1,0.000125885009765625,0.9997215270996094,0.0
444.png,0.0011960514482644,16.93914367463724,7.407489617326328,15.939143674637196,0.0007135962896026,57.47370758553431,7.994963103306022,56.47370758553506,0.0009133014087828,36.61242591457209,7.769451346002256,35.612425914571475,0.0008140084325827,41.95343439739095,7.866216974831179,40.9534343973917,1,0.0,1.0,0.0
445.png,0.0042477003605757,12.825227876558202,6.518054296402847,11.825227876558364,0.0034182468873437,24.894107871248885,6.7926392844321,23.89410787124924,0.004276886071098,12.755031677907136,6.513947067292892,11.755031677907144,0.0031051001378001,21.460965081938205,6.822677614889403,20.46096508193828,1,0.0,1.0,0.0
446.png,0.0017915259807374,24.09532801961969,7.376416089112952,23.09532801961973,0.0014424048388419,38.3790106856106,7.583103837478317,37.37901068561055,0.0018726723850339,22.97585530349484,7.303932088585985,21.97585530349456,0.0013036641549224,48.25878989195655,7.709185396179143,47.258789891956994,1,0.002239227294921875,0.9974517822265625,6.866455078125e-05
447.png,0.0035502877394766,16.039597384018077,6.645358782617644,15.03959738401802,0.0025450521793428,24.016725303468785,6.940909199101031,23.01672530346868,0.0033454278623656,14.095947271612356,6.678082458138138,13.095947271612484,0.0027218467623777,29.97284082513156,6.951170315966511,28.972840825131584,1,0.0,0.9997787475585938,0.000164031982421875
448.png,0.0012160604147225,25.85047823421192,7.417583295562812,24.850478234212225,0.000961002581776,43.22689883974801,7.653522304850809,42.22689883974899,0.00125247650633,27.98050889025132,7.3975562409773055,26.98050889025122,0.0008903381961803,53.87990609925018,7.759095226108371,52.87990609925047,1,0.0,0.9949760437011719,0.0041046142578125
449.png,0.0028788723857108,16.71628857551622,6.838408502199508,15.716288575515987,0.0022486752776745,33.68588070839012,7.121429888504655,32.685880708390044,0.0030940357160506,23.664377682403394,6.836324917563576,22.66437768240332,0.0022964901174009,38.11799812116627,7.141433908034349,37.11799812116681,1,0.00074005126953125,0.9955406188964844,0.001068115234375
450.png,0.0017042286517411,21.218779889638324,7.247482776476263,20.218779889638107,0.0012916942777314,33.0028407637316,7.514261126622815,32.00284076373155,0.0017831007910172,20.309738401798665,7.203766228509835,19.30973840179827,0.0012893569162375,42.00611541932956,7.573225618583201,41.00611541933,1,0.0146026611328125,0.9755096435546875,0.006168365478515625
451.png,0.0009732342871146,37.8547741671776,7.734337513919743,36.854774167177325,0.0007561981790738,65.50989048323696,8.00773177381733,64.50989048323667,0.0009494326784483,38.723813611281294,7.756909237860311,37.723813611281074,0.0007080370457293,72.12377584163804,8.062398793904162,71.12377584163836,1,6.866455078125e-05,0.999908447265625,0.0
452.png,0.0004435557137748,59.34589822195023,8.269438434656557,58.345898221949255,0.0003280252924825,120.23954515033634,8.581426172320189,119.23954515033846,0.0004695375121196,62.46718986307005,8.235555052020969,61.46718986306936,0.000351968102606,101.22105357950474,8.508600255949808,100.221053579506,1,0.0,0.9998664855957031,0.000110626220703125
453.png,0.000978472752422,22.88332311465373,7.580898611405076,21.883323114653688,0.0007582090747107,37.42766388116232,7.835219266456848,36.42766388116312,0.0009981175429273,18.379615777641693,7.535033164651741,17.37961577764145,0.0007113413640102,38.29437721167129,7.884520045565839,37.29437721167151,1,0.002002716064453125,0.9971961975097656,0.00030517578125
454.png,0.0008591224303091,34.81565297363568,7.789661037949607,33.81565297363598,0.0006267237051644,68.08087785329852,8.130112943096188,67.08087785329971,0.0008591570376547,40.589082362558806,7.814129643258898,39.589082362558536,0.0006638064356383,66.24402324186775,8.048077700791293,65.2440232418683,1,1.9073486328125e-05,0.9999732971191406,0.0
455.png,0.0012401811059973,17.776779072144038,7.381903661107248,16.776779072143732,0.0009489747606915,28.55295629767456,7.6404174299603955,27.552956297674573,0.0012201947634831,14.28828121806646,7.350573715241268,13.288281218066636,0.0009049313843982,29.65003960286632,7.68978671204598,28.65003960286624,1,0.0,1.0,0.0
456.png,0.0009241283850447,19.7633782955242,7.612243466590819,18.763378295524166,0.0006748836426019,37.380627546811695,7.956692790415355,36.380627546812526,0.0009148784728945,23.33997343143277,7.667014797918112,22.33997343143252,0.0007053931885594,41.30089582297192,7.9182436555613,40.30089582297256,1,0.0,1.0,0.0
457.png,0.0009729267138343,19.661050480278124,7.591783848885431,18.66105048027788,0.0007501852068263,33.77920429962271,7.856607728466876,32.77920429962272,0.0009570850995694,15.954900878806406,7.560371309114562,14.95490087880641,0.0007116072721523,31.04651034279524,7.890712296126502,30.04651034279528,1,0.0,1.0,0.0
458.png,0.0007699903460314,36.96858777845903,7.927885520429952,35.96858777845886,0.0005990372160252,71.27057660544999,8.206912068336015,70.27057660545236,0.0007804120063912,37.20593909666923,7.902647968879874,36.2059390966684,0.0005936189027762,61.24600850182366,8.207442106027377,60.246008501824775,1,0.0,1.0,0.0
459.png,0.0013208974694889,25.915824647455366,7.4989049688279135,24.915824647455462,0.0010126573113414,49.35385109731593,7.7868094244382,48.35385109731674,0.0013013844107764,26.640085836909737,7.520504278411511,25.64008583690987,0.000941243031316,45.92481595412156,7.842729226945518,44.92481595412215,1,0.0,0.9425888061523438,0.033905029296875
460.png,0.0018392825910411,19.21444103821792,7.129071142471329,18.214441038217863,0.0015105039620247,33.80798852233253,7.36759080031812,32.8079885223322,0.0019462014036827,21.05001021867984,7.106708176882323,20.050010218679667,0.0013625405019296,38.94284907316976,7.450805601227061,37.942849073170656,1,0.0,0.9711380004882812,0.022125244140625
461.png,0.0005641596964328,41.28750051093405,7.9784709119827,40.28750051093419,0.0004358520986846,65.59065372358972,8.224428980515704,64.59065372359072,0.0005928228132725,39.81228898426372,7.918379831015087,38.81228898426287,0.0004140919424145,82.60192263216697,8.290276571860163,81.60192263216945,1,0.000415802001953125,0.9627952575683594,0.02740478515625
462.png,0.000907652955759,29.647901083179992,7.643091958288966,28.64790108317988,0.000712141224733,46.65408175586982,7.8689642710206655,45.65408175587029,0.000981396023691,24.524257101982275,7.53728877950777,23.524257101982407,0.0006779171476369,51.36015276268328,7.934508356136261,50.36015276268377,1,0.000911712646484375,0.9800834655761719,0.01465606689453125
463.png,0.0010266626385062,24.23378499897824,7.504867184106098,23.23378499897803,0.0007081660675492,51.00901144287457,7.903467269054012,50.009011442874616,0.0009306964252666,31.29572654812977,7.628753714011266,30.29572654812985,0.0007368349702069,49.26492577788371,7.85224253146789,48.26492577788402,1,0.039577484130859375,0.9530181884765625,0.00091552734375
464.png,0.0015618963016816,23.08182914367435,7.345695052654968,22.081829143674547,0.0012014324383877,36.84505148372551,7.598301885104008,35.84505148372638,0.0016440577489691,20.588338442673344,7.274745107145267,19.58833844267314,0.001202876779888,41.116303486893614,7.617441921096892,40.11630348689432,1,0.02251434326171875,0.9664382934570312,0.003322601318359375
465.png,0.0014582355395448,17.99656447986932,7.333807992155279,16.9965644798692,0.0010082348095393,36.7780868233995,7.719850748014763,35.77808682340008,0.0013255573816772,19.24345187001861,7.41930724680938,18.243451870018365,0.0010842212724279,30.21991563668544,7.629709189770143,29.21991563668517,1,0.000247955322265625,0.9801483154296875,0.013484954833984375
466.png,0.00096516278526,20.349916206826265,7.665259340697227,19.34991620682604,0.0007654101166877,31.269946234248703,7.896188736766646,30.269946234248405,0.0010578886286289,17.00888003269989,7.567375031042912,16.008880032699736,0.0007533107464349,35.559994760550936,7.932681149622214,34.55999476055126,1,0.00025177001953125,0.9812660217285156,0.013427734375
467.png,0.0018210395431788,16.62125689760888,7.113830572212329,15.62125689760878,0.0014123753374959,29.680356773727887,7.365074047021368,28.680356773727407,0.0018410140067127,15.9953750255467,7.064936304473253,14.995375025546704,0.0013817059421262,29.250126381239724,7.402941833579146,28.25012638123948,1,7.62939453125e-05,0.9968528747558594,0.00203704833984375
468.png,0.0010071187817412,20.84983241365224,7.542007605192739,19.849832413652056,0.0007917766260886,31.748127817994824,7.789215858555175,30.74812781799465,0.0011459047236447,16.838023707337126,7.423627322002707,15.838023707336951,0.0007947858318012,34.33511392731501,7.780455612311679,33.33511392731521,1,0.000156402587890625,0.9910812377929688,0.006267547607421875
469.png,0.0013455133250289,16.61642550582466,7.266701016523047,15.616425505824516,0.0008982369545989,34.09471736652209,7.699357965899985,33.09471736652223,0.0012090550200198,19.26632127529136,7.410496941770548,18.266321275290966,0.0010566378449208,28.45368715987098,7.562839233184171,27.453687159870725,1,0.016086578369140625,0.9742927551269531,0.004070281982421875
470.png,0.0014458655321989,23.08902105048033,7.278230872887402,22.08902105048021,0.0010623224579663,54.57419448588826,7.623453353414234,53.57419448588925,0.0014383650296187,27.881851624770064,7.289664904764825,26.881851624770047,0.001096531807185,40.5941616984,7.550356997797486,39.59416169840006,1,3.814697265625e-05,0.9997749328613281,7.2479248046875e-05
471.png,0.0023903692587697,16.224727161250787,6.901327701441191,15.224727161250753,0.0016160475953527,48.8633117820053,7.354453285512025,47.86331178200631,0.0020570948796794,30.193192315552924,7.104025661388012,29.193192315552565,0.0017565832540041,36.36259852108341,7.241707467451213,35.3625985210838,1,2.6702880859375e-05,0.9988212585449219,0.0009613037109375
472.png,0.0017327819715506,37.54198855507907,7.257631488656893,36.54198855507835,0.0013513093832006,51.70240543920189,7.462984259725602,50.70240543920279,0.001665265185077,38.01810341303919,7.276880806157192,37.01810341303894,0.0012463361870417,83.93788592327792,7.615919081217367,82.93788592327883,1,0.01102447509765625,0.9807052612304688,0.00365447998046875
473.png,0.0018538414592199,20.742248109544303,6.996249013263721,19.74224810954429,0.0013573318012284,55.648717460667946,7.376956235404522,54.64871746066804,0.0017742528783449,31.016793378295382,7.106284959215703,30.01679337829536,0.0014026717271169,38.50685528682879,7.306015856992648,37.50685528682933,1,0.000919342041015625,0.9874916076660156,0.006397247314453125
474.png,0.0021423070571042,16.58168403842232,6.9862951272054765,15.581684038422225,0.0016618665144599,27.09986266913089,7.256403239246013,26.099862669131205,0.0021858531661973,13.046809728183014,6.935425726415746,12.046809728183131,0.0016729466012347,26.09296133245756,7.2365967264513715,25.09296133245741,1,0.002796173095703125,0.9948501586914062,0.00159454345703125
475.png,0.0012321180601892,20.48766400981015,7.340678073288571,19.487664009809937,0.0009677702760638,31.789711850774022,7.570734664455122,30.78971185077423,0.0012667172233393,19.400047005926904,7.314825653040009,18.400047005926563,0.0009009504068544,40.746558029967225,7.676439912238434,39.74655802996748,1,0.002002716064453125,0.9519691467285156,0.02832794189453125
476.png,0.0007636467345816,83.75043327202057,7.94049745125164,82.75043327202013,0.0005805414921288,141.70899363693457,8.197210895070489,140.70899363693604,0.0007545900647033,84.64874310239146,7.954647090691712,83.64874310239063,0.0005645319101919,144.74018882482895,8.218503198790604,143.74018882482827,1,0.01428985595703125,0.965240478515625,0.00954437255859375
477.png,0.0010939868510046,34.007392192928684,7.447931045474768,33.00739219292871,0.0008747590339502,53.64337567872299,7.685154914665106,52.643375678723366,0.0011730324969052,30.776566523605105,7.395604928205851,29.776566523605187,0.0008303028037505,59.32699687474999,7.715251839569092,58.32699687475045,1,1.9073486328125e-05,0.9974288940429688,0.001712799072265625
478.png,0.0010540869017577,24.9750296341712,7.410764295824803,23.97502963417101,0.0007870704534695,42.65320783215718,7.683846470009065,41.65320783215795,0.0010968800238448,22.14423053341501,7.3631185803027455,21.14423053341514,0.0008234035952972,39.87883569620179,7.662482328670674,38.87883569620247,1,0.0,0.9620018005371094,0.031154632568359375
479.png,0.0007141010074203,45.36701205804275,7.823944352888156,44.367012058041865,0.0005531687955834,80.40574824857022,8.084694784025023,79.40574824857174,0.0006813490486729,53.337686490905966,7.884730118769093,52.33768649090499,0.0005015661434746,90.08276692024624,8.162874672722431,89.08276692024924,1,3.0517578125e-05,0.9997711181640625,0.00012969970703125
480.png,0.0020279318870801,15.058853464132447,6.8667363057634665,14.05885346413249,0.0015446763198081,23.60275766934604,7.118452857618913,22.60275766934578,0.001996024515893,15.32683425301446,6.867840150026103,14.326834253014525,0.0015293914491383,28.81606054838192,7.166511578982395,27.81606054838213,1,0.00151824951171875,0.9983673095703125,0.0
481.png,0.0032829615596785,13.75731657469846,6.546092271514319,12.757316574698605,0.0024748943954529,25.232164895282825,6.855010426798877,24.232164895282818,0.0030982326905111,14.439037400367791,6.614137225120524,13.439037400367903,0.0023865536393395,24.174528910092363,6.875796570512772,23.17452891009248,1,0.000225067138671875,0.9995231628417969,0.000110626220703125
482.png,0.001109439169701,20.378444716942514,7.271647205995828,19.37844471694246,0.0007451899367789,51.43603267287572,7.701819293086572,50.43603267287626,0.0010054842106674,25.93719395054149,7.397502422554283,24.93719395054154,0.0008320533058216,30.910341976377456,7.539314112147266,29.91034197637756,1,0.0027313232421875,0.9741744995117188,0.016506195068359375
483.png,0.0007115651437806,37.71849581034131,7.80293385859915,36.71849581034129,0.0005606820907643,58.34971889128303,8.017589167335558,57.349718891283366,0.0007450196435479,41.835152258328144,7.784674722453266,40.83515225832816,0.0005282514720487,84.4501730450812,8.142419362853465,83.45017304508268,1,0.0,0.9928131103515625,0.005985260009765625
484.png,0.001821820928633,17.731410177805063,7.013173582664645,16.73141017780486,0.0015088868842193,25.913090640420684,7.210490167863765,24.913090640420386,0.002057687214337,14.219916206826085,6.887606633824957,13.219916206826015,0.0013842186809737,31.47085044852581,7.297628732245828,30.470850448525667,1,0.0,0.9994621276855469,0.000335693359375
485.png,0.0018291724260298,14.306135295319743,6.946161728183847,13.306135295319848,0.0012335827289616,31.638985593562627,7.356162826582096,30.638985593561948,0.0016363551429155,18.07111792356446,7.070861372635412,17.071117923564138,0.0013479419562159,26.657346178170435,7.271688786592422,25.657346178170048,1,0.0,0.9395332336425781,0.050006866455078125
486.png,0.0008725541591071,37.841027999182586,7.577216486233403,36.841027999182366,0.0006529412937743,55.11222040069448,7.821972074075757,54.11222040069504,0.0009004837301201,26.60317392192936,7.498811721255854,25.603173921929272,0.0006776198547898,58.40655463251149,7.82581974066635,57.40655463251202,1,0.000392913818359375,0.85858154296875,0.12284088134765625
487.png,0.0009561530319239,37.14171265072597,7.564079184275773,36.14171265072511,0.0007865032982378,50.54485357172727,7.731484631563517,49.54485357172824,0.001038587470207,37.71719395054184,7.511279427045982,36.71719395054116,0.0007165547561854,82.00529470876981,7.890877920429688,81.0052947087712,1,0.002529144287109375,0.9782829284667969,0.01384735107421875
488.png,0.0009316061216679,29.92424075209474,7.581933683776454,28.92424075209483,0.0007067803464363,50.66607927531808,7.8406217167004115,49.66607927531884,0.0008786425249366,34.388900470059404,7.644507921121717,33.38890047005914,0.0006670374056543,59.08688684632146,7.922390066462679,58.08688684632222,1,0.000362396240234375,0.9994583129882812,8.0108642578125e-05
489.png,0.0016218997542713,29.83751072961376,7.110570841727394,28.83751072961371,0.0012376198533968,53.56419859967462,7.367327671232065,52.56419859967553,0.0017237362011797,28.349625996321347,7.045299321877276,27.34962599632119,0.0012879756017591,48.58013593914005,7.341527380240958,47.5801359391411,1,0.0,1.0,0.0
490.png,0.0015608316167496,16.444167177600658,7.203592496805166,15.444167177600615,0.0011325249155803,36.649845170189614,7.566095794785516,35.64984517019045,0.0014735220975973,25.819495197220423,7.304061565727191,24.81949519722045,0.0011591362550007,42.15955759402845,7.542847313549577,41.15955759402858,1,0.000152587890625,0.9446907043457031,0.039989471435546875
491.png,0.007475803661675,8.848520335172642,6.165436755476166,7.848520335172671,0.0060064641362027,19.481337533079216,6.466385389254024,18.48133753307924,0.0080867718992269,9.089121193541772,6.124295687835144,8.089121193541768,0.0063463635055572,12.845469002314903,6.35665135507575,11.845469002314871,1,2.288818359375e-05,0.9914741516113281,0.0070953369140625
492.png,0.0008803608294553,41.41598814633221,7.69943219135472,40.415988146331216,0.0007384704013102,62.67057578678615,7.89484554643824,61.67057578678656,0.0010498826198865,32.36944206008558,7.564211595145282,31.36944206008587,0.0006979413642552,72.53007259501983,7.957935445986079,71.53007259502154,1,0.00138092041015625,0.9906845092773438,0.006153106689453125
493.png,0.0005740591870609,53.03628040057265,7.921356728807399,52.03628040057179,0.0004345155040071,101.74513764810004,8.208640108278423,100.74513764810268,0.0005677458745292,53.9474984671983,7.935095189957832,52.94749846719764,0.0004225792420655,86.23604331550511,8.200108575285544,85.23604331550845,1,0.0,1.0,0.0
494.png,0.0015360994649905,20.71192315552841,7.109875399367263,19.711923155528297,0.0011088068647639,41.07127287909696,7.429261117227901,40.07127287909769,0.0015248328996294,21.869791538933,7.105846205601846,20.86979153893306,0.001146560949365,35.3282801304125,7.380481161074182,34.32828013041362,1,0.0,0.9999542236328125,3.4332275390625e-05
495.png,0.0005984898533084,43.92551604332708,7.931477732339363,42.92551604332697,0.0004649813354795,71.93680938024977,8.180076234633205,70.93680938025203,0.0006586923038785,33.53525444512561,7.820253690960491,32.535254445125645,0.0004706299812554,66.11658183261923,8.157001112668889,65.11658183262026,1,0.0001373291015625,0.9991302490234375,0.000484466552734375
496.png,0.0010877065043138,50.77537093807525,7.613239843983554,49.77537093807471,0.0007161066073143,104.3083047312607,8.007882748696874,103.30830473126348,0.0010110441895141,47.35507050889072,7.642005084510578,46.35507050888973,0.0008790322987058,74.80117314536737,7.816338274779397,73.80117314536842,1,0.006103515625,0.98211669921875,0.00997161865234375
497.png,0.0007407406711265,36.9616288575519,7.810223039129277,35.96162885755138,0.0005340323482777,74.41224843993211,8.135581531373592,73.41224843993457,0.0007279401050455,36.17669119149821,7.802012238614225,35.17669119149804,0.000580444338822,62.10203622178377,8.069666805736995,61.10203622178417,1,0.001956939697265625,0.9973182678222656,0.0002593994140625
498.png,0.0008543433419591,41.176505211527015,7.729563680698301,40.17650521152603,0.0005605847699048,85.89261380962999,8.115613860438293,84.89261380963258,0.0007336355706792,46.03112609850866,7.830550281555548,45.03112609850805,0.000606897983976,73.97046669982103,8.039630125774439,72.97046669982268,1,0.0,0.9999923706054688,3.814697265625e-06
499.png,0.0012301256598963,36.02912323727775,7.3777560055026274,35.02912323727726,0.0008688234437975,75.44879768972915,7.713945716867771,74.4487976897315,0.0011530513065436,41.26688739014927,7.435105667382262,40.2668873901488,0.000889010096422,62.543015671272734,7.679443550846496,61.54301567127292,1,0.013553619384765625,0.9357490539550781,0.034881591796875
500.png,0.0005392635048948,37.186936439812,8.022883373733103,36.18693643981173,0.0003800713056456,80.39574826903713,8.389547610017685,79.39574826903763,0.0004850440923604,50.30714694461496,8.144188280061735,49.30714694461421,0.0003695107179415,81.029830065841,8.398974047446554,80.02983006584213,1,0.00530242919921875,0.9936981201171875,0.00012969970703125
